filename,object_location,image_small,image_thumb
demo_012.md,/objects/demo_012.md,,
roma_01.jpg,/objects/roma_01.jpg,/objects/small/roma_01_sm.jpg,/objects/thumbs/roma_01_th.jpg
roma_02.jpg,/objects/roma_02.jpg,/objects/small/roma_02_sm.jpg,/objects/thumbs/roma_02_th.jpg
roma_03.jpg,/objects/roma_03.jpg,/objects/small/roma_03_sm.jpg,/objects/thumbs/roma_03_th.jpg
roma_04.jpg,/objects/roma_04.jpg,/objects/small/roma_04_sm.jpg,/objects/thumbs/roma_04_th.jpg
roma_05.jpg,/objects/roma_05.jpg,/objects/small/roma_05_sm.jpg,/objects/thumbs/roma_05_th.jpg
roma_06.jpg,/objects/roma_06.jpg,/objects/small/roma_06_sm.jpg,/objects/thumbs/roma_06_th.jpg
roma_07.jpg,/objects/roma_07.jpg,/objects/small/roma_07_sm.jpg,/objects/thumbs/roma_07_th.jpg
roma_09.jpg,/objects/roma_09.jpg,/objects/small/roma_09_sm.jpg,/objects/thumbs/roma_09_th.jpg
roma_10.jpg,/objects/roma_10.jpg,/objects/small/roma_10_sm.jpg,/objects/thumbs/roma_10_th.jpg
roma_11.jpg,/objects/roma_11.jpg,/objects/small/roma_11_sm.jpg,/objects/thumbs/roma_11_th.jpg
roma_12.jpg,/objects/roma_12.jpg,/objects/small/roma_12_sm.jpg,/objects/thumbs/roma_12_th.jpg
roma_13.jpg,/objects/roma_13.jpg,/objects/small/roma_13_sm.jpg,/objects/thumbs/roma_13_th.jpg
roma_14.jpg,/objects/roma_14.jpg,/objects/small/roma_14_sm.jpg,/objects/thumbs/roma_14_th.jpg
roma_15.jpg,/objects/roma_15.jpg,/objects/small/roma_15_sm.jpg,/objects/thumbs/roma_15_th.jpg
roma_16.jpg,/objects/roma_16.jpg,/objects/small/roma_16_sm.jpg,/objects/thumbs/roma_16_th.jpg
roma_17.jpg,/objects/roma_17.jpg,/objects/small/roma_17_sm.jpg,/objects/thumbs/roma_17_th.jpg
roma_18.jpg,/objects/roma_18.jpg,/objects/small/roma_18_sm.jpg,/objects/thumbs/roma_18_th.jpg
roma_19.jpg,/objects/roma_19.jpg,/objects/small/roma_19_sm.jpg,/objects/thumbs/roma_19_th.jpg
roma_8.jpg,/objects/roma_8.jpg,/objects/small/roma_8_sm.jpg,/objects/thumbs/roma_8_th.jpg
rome_01.jpg,/objects/rome_01.jpg,/objects/small/rome_01_sm.jpg,/objects/thumbs/rome_01_th.jpg
rome_02.jpg,/objects/rome_02.jpg,/objects/small/rome_02_sm.jpg,/objects/thumbs/rome_02_th.jpg
rome_03.jpg,/objects/rome_03.jpg,/objects/small/rome_03_sm.jpg,/objects/thumbs/rome_03_th.jpg
rome_04.jpg,/objects/rome_04.jpg,/objects/small/rome_04_sm.jpg,/objects/thumbs/rome_04_th.jpg
rome_05.jpg,/objects/rome_05.jpg,/objects/small/rome_05_sm.jpg,/objects/thumbs/rome_05_th.jpg
rome_06.jpg,/objects/rome_06.jpg,/objects/small/rome_06_sm.jpg,/objects/thumbs/rome_06_th.jpg
rome_07.jpg,/objects/rome_07.jpg,/objects/small/rome_07_sm.jpg,/objects/thumbs/rome_07_th.jpg
rome_08.jpg,/objects/rome_08.jpg,/objects/small/rome_08_sm.jpg,/objects/thumbs/rome_08_th.jpg
rome_09.jpg,/objects/rome_09.jpg,/objects/small/rome_09_sm.jpg,/objects/thumbs/rome_09_th.jpg
rome_10.jpg,/objects/rome_10.jpg,/objects/small/rome_10_sm.jpg,/objects/thumbs/rome_10_th.jpg
rome_11.jpg,/objects/rome_11.jpg,/objects/small/rome_11_sm.jpg,/objects/thumbs/rome_11_th.jpg
rome_12.jpg,/objects/rome_12.jpg,/objects/small/rome_12_sm.jpg,/objects/thumbs/rome_12_th.jpg
rome_13.jpg,/objects/rome_13.jpg,/objects/small/rome_13_sm.jpg,/objects/thumbs/rome_13_th.jpg
rome_14.jpg,/objects/rome_14.jpg,/objects/small/rome_14_sm.jpg,/objects/thumbs/rome_14_th.jpg
swiss_01.jpg,/objects/swiss_01.jpg,/objects/small/swiss_01_sm.jpg,/objects/thumbs/swiss_01_th.jpg
swiss_02.jpg,/objects/swiss_02.jpg,/objects/small/swiss_02_sm.jpg,/objects/thumbs/swiss_02_th.jpg
swiss_03.jpg,/objects/swiss_03.jpg,/objects/small/swiss_03_sm.jpg,/objects/thumbs/swiss_03_th.jpg
swiss_04.jpg,/objects/swiss_04.jpg,/objects/small/swiss_04_sm.jpg,/objects/thumbs/swiss_04_th.jpg
swiss_05.jpg,/objects/swiss_05.jpg,/objects/small/swiss_05_sm.jpg,/objects/thumbs/swiss_05_th.jpg
uniden_01.jpg,/objects/uniden_01.jpg,/objects/small/uniden_01_sm.jpg,/objects/thumbs/uniden_01_th.jpg
uniden_02.jpg,/objects/uniden_02.jpg,/objects/small/uniden_02_sm.jpg,/objects/thumbs/uniden_02_th.jpg
venezia_01.jpg,/objects/venezia_01.jpg,/objects/small/venezia_01_sm.jpg,/objects/thumbs/venezia_01_th.jpg
venezia_02.jpg,/objects/venezia_02.jpg,/objects/small/venezia_02_sm.jpg,/objects/thumbs/venezia_02_th.jpg
venezia_03.jpg,/objects/venezia_03.jpg,/objects/small/venezia_03_sm.jpg,/objects/thumbs/venezia_03_th.jpg
venezia_04.jpg,/objects/venezia_04.jpg,/objects/small/venezia_04_sm.jpg,/objects/thumbs/venezia_04_th.jpg
venezia_05.jpg,/objects/venezia_05.jpg,/objects/small/venezia_05_sm.jpg,/objects/thumbs/venezia_05_th.jpg
venezia_06.jpg,/objects/venezia_06.jpg,/objects/small/venezia_06_sm.jpg,/objects/thumbs/venezia_06_th.jpg
venezia_07.jpg,/objects/venezia_07.jpg,/objects/small/venezia_07_sm.jpg,/objects/thumbs/venezia_07_th.jpg
venezia_08.jpg,/objects/venezia_08.jpg,/objects/small/venezia_08_sm.jpg,/objects/thumbs/venezia_08_th.jpg
venezia_09.jpg,/objects/venezia_09.jpg,/objects/small/venezia_09_sm.jpg,/objects/thumbs/venezia_09_th.jpg
venezia_10.jpg,/objects/venezia_10.jpg,/objects/small/venezia_10_sm.jpg,/objects/thumbs/venezia_10_th.jpg
venezia_11.jpg,/objects/venezia_11.jpg,/objects/small/venezia_11_sm.jpg,/objects/thumbs/venezia_11_th.jpg
venezia_12.jpg,/objects/venezia_12.jpg,/objects/small/venezia_12_sm.jpg,/objects/thumbs/venezia_12_th.jpg
venezia_13.jpg,/objects/venezia_13.jpg,/objects/small/venezia_13_sm.jpg,/objects/thumbs/venezia_13_th.jpg
venezia_14.jpg,/objects/venezia_14.jpg,/objects/small/venezia_14_sm.jpg,/objects/thumbs/venezia_14_th.jpg
venezia_15.jpg,/objects/venezia_15.jpg,/objects/small/venezia_15_sm.jpg,/objects/thumbs/venezia_15_th.jpg
